Short Stories,1,1,1
It's All In The Hips,1,2
Highway Robbery,1,2
Israel's Cave,1,3
Manwich Boulder,1,3
Elemental,1,3
Traverse Wall,1,3
Alfa Boulders,1,3
The Missing Boulders,1,3
Nightmare Rock,1,3
Gonzales Creek,1,4
Shannon Falls,1,4
Campground Boulders,1,5
Titanic South,1,5
Titanic North,1,5
Thighmaster,1,5
Survivor,1,5
Viper,1,5
Black Dyke,1,5
The Octagon,1,5
Superfly,1,5
Lip-Smack,1,5
Mantel Madness,1,5
Undertow,1,5
Easy Chair,1,5
Animal Magnetism,1,5
Heartbreak Hotel,1,5
Gilligan's Island,1,5
Ride The Lightning,1,5
Wendy World,1,5
Spirit World,1,5
The Jungle,1,6
The Snake Pit,1,6
Gibbs' Cave,1,6
Descent Trail,1,6
Drive By,1,6
Parking Lot,1,6
Action Man,1,7
Lower Sheriff's Badge Trail,1,7
Upper Sheriff's Badge Trail,1,7
The Dark Side,1,7
North-North Gully Trail,1,7
The Lost World,1,7
Slhanay Trail,1,7
Magic Kingdom,1,7
The Farm,1,7
Luna Boulder,1,7
The Burial Grounds,1,7
The Clean Boulders,1,7
The River Boulders,1,7
Classic Rock,1,7
Swamp Thing,1,7
Smoke Bluffs,1,8
Coho Park,1,9
The Forest,1,10
The Talus,1,10
Cat Lake,1,11
Almost Paradise,1,12
Enchanted Boulders,1,12
Rolling Stones,1,12
Fridge Boulders,1,12
Margaritaville,1,12
Rock Lady,1,12
Creekside Boulder,1,13
Mothership Boulders,1,14
Slug Boulders,1,14
Cosmic Boulders,1,14
Lost Boulders,1,14
Jackpot Boulders,1,14
Other Areas,1,15
